Name,Class,HP_old,HP_new,AC_old,AC_new,MAC_old,MAC_new,DC_old,DC_new,DCMAX_old,DCMAX_new,MC_old,MC_new,SC_old,SC_new,SPEED_old,SPEED_new,HIT_old,HIT_new,WALK_SPD_old,WALK_SPD_new
鸡,normal,5,8,0,0,0,0,1,2,1,2,0,0,0,0,10,15,3,5,1400,1167
鸡[变异],normal,1000,1500,50,75,50,75,50,75,100,150,0,0,0,0,30,45,30,45,400,333
鹿,normal,15,23,0,0,0,0,2,3,4,6,0,0,0,0,12,18,4,6,1400,1167
鹿[变异],normal,1200,1800,35,53,35,53,0,0,100,150,0,0,0,0,17,26,20,30,500,417
半兽人,normal,30,45,1,2,0,0,4,6,9,14,0,0,0,0,15,23,6,9,1500,1250
半兽人0,normal,30,45,1,2,0,0,4,6,9,14,0,0,0,0,15,23,8,12,1500,1250
半兽战士,normal,100,150,3,5,1,2,5,8,12,18,0,0,0,0,15,23,10,15,1500,1250
半兽战士0,normal,100,150,3,5,1,2,6,9,12,18,0,0,0,0,15,23,12,18,1500,1250
半兽勇士,normal,300,450,0,0,0,0,15,23,32,48,0,0,0,0,15,23,13,20,1500,1250
半兽勇士[变异],normal,900,1350,100,150,0,0,0,0,80,120,0,0,0,0,17,26,20,30,600,500
半兽勇士[非凡],normal,300,450,5,8,5,8,0,0,15,23,0,0,0,0,17,26,20,30,600,500
毒蜘蛛,normal,42,63,2,3,1,2,6,9,9,14,0,0,0,0,15,23,8,12,900,750
卫士,normal,9999,14999,0,0,300,450,200,300,200,300,200,300,200,300,0,0,200,300,500,417
蛤蟆,normal,20,30,0,0,0,0,0,0,5,8,0,0,0,0,13,20,6,9,1500,1250
蛤蟆0,normal,20,30,0,0,0,0,0,0,5,8,0,0,0,0,13,20,8,12,1500,1250
蝎子,normal,45,68,2,3,0,0,7,11,16,24,0,0,0,0,15,23,10,15,1200,1000
山洞蝙蝠,normal,25,38,2,3,0,0,4,6,6,9,0,0,0,0,25,38,11,17,1200,1000
山洞蝙蝠0,normal,25,38,2,3,0,0,4,6,6,9,0,0,0,0,25,38,13,20,1200,1000
森林雪人,normal,36,54,2,3,0,0,7,11,10,15,0,0,0,0,12,18,7,11,1500,1250
森林雪人0,normal,36,54,2,3,0,0,7,11,10,15,0,0,0,0,12,18,9,14,1500,1250
食人花,normal,28,42,2,3,0,0,6,9,9,14,0,0,0,0,14,21,12,18,1500,1250
骷髅,normal,90,135,0,0,0,0,7,11,10,15,0,0,0,0,13,20,11,17,1500,1250
骷髅0,normal,90,135,0,0,0,0,7,11,10,15,0,0,0,0,13,20,13,20,1500,1250
掷斧骷髅9,normal,100,150,0,0,0,0,4,6,9,14,0,0,0,0,12,18,15,23,1500,1250
掷斧骷髅,normal,100,150,0,0,0,0,4,6,9,14,0,0,0,0,12,18,15,23,1500,1250
掷斧骷髅0,normal,100,150,0,0,0,0,4,6,9,14,0,0,0,0,12,18,17,26,1500,1250
骷髅战士,normal,105,158,0,0,0,0,2,3,15,23,0,0,0,0,13,20,11,17,1500,1250
骷髅战士0,normal,105,158,0,0,0,0,2,3,15,23,0,0,0,0,13,20,13,20,1500,1250
骷髅战将,normal,110,165,2,3,1,2,7,11,13,20,0,0,0,0,15,23,12,18,1200,1000
骷髅战将0,normal,110,165,2,3,1,2,7,11,13,20,0,0,0,0,15,23,14,21,1200,1000
骷髅精灵,boss,500,1000,5,10,4,8,7,14,24,48,0,0,0,0,15,30,14,28,1200,1000
骷髅精灵9,normal,800,1200,0,0,100,150,0,0,60,90,0,0,0,0,17,26,14,21,600,500
骷髅精灵1,normal,800,1200,0,0,100,150,0,0,60,90,0,0,0,0,17,26,20,30,600,500
骷髅精灵2,normal,350,525,5,8,5,8,0,0,15,23,0,0,0,0,17,26,20,30,600,500
洞蛆,normal,65,98,0,0,0,0,6,9,8,12,0,0,0,0,12,18,12,18,1000,833
多钩猫,normal,22,33,0,0,0,0,2,3,4,6,0,0,0,0,12,18,5,8,1500,1250
多钩猫0,normal,22,33,0,0,0,0,2,3,4,6,0,0,0,0,12,18,7,11,1500,1250
钉耙猫,normal,23,35,0,0,0,0,2,3,4,6,0,0,0,0,12,18,5,8,1500,1250
钉耙猫0,normal,23,35,0,0,0,0,2,3,4,6,0,0,0,0,12,18,7,11,1500,1250
稻草人,normal,15,23,0,0,0,0,1,2,2,3,0,0,0,0,10,15,5,8,1500,1250
稻草人0,normal,15,23,0,0,0,0,1,2,2,3,0,0,0,0,10,15,7,11,1500,1250
稻草人1,normal,1000,1500,30,45,30,45,0,0,90,135,0,0,0,0,17,26,20,30,600,500
沃玛战士,normal,265,398,3,5,2,3,14,21,28,42,0,0,0,0,15,23,13,20,1000,833
沃玛战士0,normal,265,398,3,5,2,3,14,21,28,42,0,0,0,0,15,23,15,23,1000,833
沃玛勇士,normal,285,428,3,5,2,3,16,24,28,42,0,0,0,0,15,23,13,20,1000,833
沃玛勇士0,normal,285,428,3,5,2,3,16,24,28,42,0,0,0,0,15,23,15,23,1000,833
沃玛战将,normal,285,428,3,5,2,3,15,23,29,44,0,0,0,0,15,23,13,20,1000,833
沃玛战将0,normal,285,428,3,5,2,3,15,23,29,44,0,0,0,0,15,23,15,23,1000,833
火焰沃玛,normal,340,510,0,0,0,0,14,21,26,39,0,0,0,0,20,30,20,30,800,667
火焰沃玛0,normal,340,510,0,0,0,0,14,21,26,39,0,0,0,0,20,30,20,30,800,667
火焰沃玛2,normal,300,450,0,0,0,0,14,21,26,39,0,0,0,0,20,30,20,30,800,667
沃玛卫士,normal,1000,1500,8,12,8,12,22,33,42,63,0,0,0,0,20,30,17,26,800,667
沃玛卫士1,normal,600,900,20,30,20,30,0,0,50,75,0,0,0,0,17,26,20,30,600,500
沃玛卫士2,normal,1000,1500,50,75,50,75,10,15,25,38,0,0,0,0,17,26,20,30,500,417
暗之沃玛教主5,normal,2200,3300,17,26,17,26,35,53,60,90,0,0,0,0,30,45,20,30,800,667
沃玛教主,boss,2200,4400,17,34,17,34,35,70,60,120,0,0,0,0,30,60,20,40,800,667
沃玛教主1,normal,100,150,0,0,0,0,0,0,20,30,0,0,0,0,17,26,20,30,600,500
暗黑战士,normal,165,248,3,5,2,3,9,14,16,24,0,0,0,0,15,23,15,23,900,750
暗黑战士0,normal,165,248,3,5,2,3,9,14,16,24,0,0,0,0,15,23,17,26,900,750
粪虫,normal,155,233,3,5,2,3,9,14,17,26,0,0,0,0,15,23,12,18,1500,1250
粪虫0,normal,155,233,3,5,2,3,9,14,17,26,0,0,0,0,15,23,14,21,1500,1250
僵尸1,normal,155,233,0,0,0,0,12,18,16,24,0,0,0,0,13,20,13,20,2000,1667
僵尸10,normal,155,233,0,0,0,0,12,18,16,24,0,0,0,0,13,20,15,23,2000,1667
僵尸2,normal,155,233,2,3,1,2,8,12,17,26,0,0,0,0,15,23,13,20,2000,1667
僵尸20,normal,155,233,2,3,1,2,8,12,17,26,0,0,0,0,15,23,15,23,2000,1667
僵尸3,normal,155,233,2,3,1,2,6,9,17,26,0,0,0,0,15,23,12,18,2000,1667
僵尸30,normal,155,233,2,3,1,2,6,9,17,26,0,0,0,0,15,23,14,21,2000,1667
僵尸4,normal,155,233,2,3,1,2,6,9,17,26,0,0,0,0,15,23,12,18,2000,1667
僵尸40,normal,155,233,2,3,1,2,6,9,17,26,0,0,0,0,15,23,14,21,2000,1667
僵尸5,normal,155,233,2,3,1,2,6,9,17,26,0,0,0,0,15,23,12,18,1500,1250
僵尸50,normal,155,233,2,3,1,2,6,9,17,26,0,0,0,0,15,23,14,21,1500,1250
尸王,boss,500,1000,3,6,3,6,18,36,36,72,0,0,0,0,15,30,15,30,1500,1250
尸王1,normal,800,1200,100,150,0,0,0,0,60,90,0,0,0,0,17,26,20,30,600,500
尸王2,boss,500,1000,3,6,3,6,18,36,36,72,0,0,0,0,15,30,15,30,1200,1000
红蛇,normal,50,75,0,0,2,3,7,11,12,18,0,0,0,0,15,23,11,17,1200,1000
红蛇0,normal,50,75,0,0,2,3,7,11,12,18,0,0,0,0,15,23,13,20,1200,1000
练功师,normal,9999,14999,0,0,0,0,1,2,1,2,0,0,0,0,15,23,15,23,1200,1000
变异骷髅,normal,60,90,12,18,20,30,20,30,30,45,0,0,0,0,22,33,17,26,500,417
虎蛇,normal,53,80,0,0,2,3,10,15,11,17,0,0,0,0,15,23,12,18,1200,1000
虎蛇0,normal,53,80,0,0,2,3,10,15,11,17,0,0,0,0,15,23,14,21,1200,1000
羊,normal,20,30,0,0,0,0,1,2,3,5,0,0,0,0,10,15,7,11,1400,1167
猎鹰,normal,38,57,0,0,0,0,7,11,10,15,0,0,0,0,40,60,15,23,1200,1000
猎鹰0,normal,38,57,0,0,0,0,7,11,10,15,0,0,0,0,40,60,17,26,1200,1000
盔甲虫,normal,50,75,0,0,0,0,4,6,10,15,0,0,0,0,12,18,7,11,1200,1000
盔甲虫0,normal,50,75,0,0,0,0,4,6,10,15,0,0,0,0,12,18,9,14,1200,1000
威思而小虫,normal,50,75,2,3,1,2,6,9,9,14,0,0,0,0,15,23,12,18,1000,833
沙虫,normal,54,81,0,0,0,0,8,12,11,17,0,0,0,0,15,23,13,20,1000,833
多角虫,normal,52,78,0,0,0,0,7,11,8,12,0,0,0,0,13,20,10,15,1300,1083
多角虫0,normal,52,78,0,0,0,0,7,11,8,12,0,0,0,0,13,20,12,18,1300,1083
巨型多角虫,normal,250,375,0,0,0,0,7,11,15,23,0,0,0,0,13,20,12,18,1000,833
巨型多角虫[变异],normal,900,1350,0,0,100,150,0,0,80,120,0,0,0,0,17,26,20,30,600,500
巨型多角虫2,normal,280,420,5,8,5,8,0,0,15,23,0,0,0,0,15,23,20,30,600,500
狼,normal,48,72,0,0,0,0,6,9,8,12,0,0,0,0,13,20,10,15,1200,1000
蜈蚣,normal,230,345,0,0,5,8,12,18,18,27,0,0,0,0,15,23,13,20,1500,1250
蜈蚣0,normal,230,345,0,0,5,8,12,18,18,27,0,0,0,0,15,23,15,23,1500,1250
触龙神,boss,1000,2000,0,0,200,400,15,30,30,60,0,0,0,0,15,30,15,30,1000,833
黑色恶蛆,normal,230,345,5,8,0,0,10,15,15,23,0,0,0,0,15,23,13,20,500,417
黑色恶蛆0,normal,230,345,5,8,0,0,10,15,15,23,0,0,0,0,15,23,15,23,500,417
钳虫,normal,270,405,5,8,7,11,15,23,25,38,0,0,0,0,15,23,13,20,1500,1250
钳虫0,normal,270,405,5,8,7,11,15,23,25,38,0,0,0,0,15,23,15,23,1500,1250
邪恶钳虫9,normal,1000,1500,20,30,10,15,22,33,45,68,0,0,0,0,15,23,17,26,700,583
邪恶钳虫,normal,1000,1500,20,30,10,15,22,33,45,68,0,0,0,0,15,23,17,26,700,583
邪恶钳虫1,normal,600,900,20,30,20,30,0,0,50,75,0,0,0,0,17,26,20,30,600,500
跳跳蜂,normal,200,300,3,5,3,5,12,18,18,27,0,0,0,0,15,23,13,20,1500,1250
跳跳蜂0,normal,200,300,3,5,3,5,12,18,18,27,0,0,0,0,15,23,15,23,1500,1250
巨型蠕虫,normal,200,300,3,5,3,5,15,23,18,27,0,0,0,0,15,23,13,20,1200,1000
巨型蠕虫0,normal,200,300,3,5,3,5,15,23,18,27,0,0,0,0,15,23,15,23,1200,1000
角蝇,normal,200,300,0,0,6,9,0,0,0,0,0,0,0,0,1,2,1,2,1200,1000
蝙蝠,normal,3,5,0,0,0,0,0,0,22,33,0,0,0,0,5,8,18,27,1200,1000
楔蛾,normal,220,330,0,0,5,8,13,20,18,27,0,0,0,0,15,23,12,18,600,500
红野猪,normal,330,495,0,0,8,12,18,27,25,38,0,0,0,0,15,23,13,20,1200,1000
红野猪0,normal,330,495,0,0,8,12,18,27,25,38,0,0,0,0,15,23,15,23,1200,1000
黑野猪,normal,310,465,10,15,0,0,20,30,26,39,0,0,0,0,15,23,13,20,800,667
黑野猪0,normal,310,465,10,15,0,0,20,30,26,39,0,0,0,0,15,23,15,23,800,667
白野猪,normal,1000,1500,15,23,15,23,30,45,55,83,0,0,0,0,25,38,17,26,800,667
白野猪0,normal,1000,1500,15,23,25,38,10,15,100,150,0,0,0,0,25,38,17,26,800,667
白野猪1,normal,400,600,0,0,0,0,0,0,40,60,0,0,0,0,17,26,20,30,600,500
蝎蛇,normal,330,495,5,8,3,5,22,33,28,42,0,0,0,0,15,23,13,20,600,500
蝎蛇0,normal,330,495,5,8,3,5,22,33,28,42,0,0,0,0,15,23,15,23,600,500
邪恶毒蛇,normal,1100,1650,20,30,20,30,30,45,55,83,0,0,0,0,25,38,17,26,800,667
邪恶毒蛇1,normal,200,300,0,0,0,0,0,0,30,45,0,0,0,0,17,26,20,30,600,500
大老鼠,normal,385,578,3,5,5,8,12,18,23,35,0,0,0,0,15,23,12,18,1200,1000
大老鼠0,normal,385,578,3,5,5,8,12,18,23,35,0,0,0,0,15,23,14,21,1200,1000
祖玛弓箭手,normal,385,578,10,15,10,15,12,18,18,27,0,0,0,0,15,23,15,23,1000,833
祖玛弓箭手0,normal,385,578,10,15,10,15,12,18,18,27,0,0,0,0,15,23,17,26,1000,833
祖玛弓箭手[变异],normal,800,1200,15,23,15,23,24,36,36,54,0,0,0,0,15,23,17,26,900,750
祖玛雕像,normal,495,743,12,18,12,18,20,30,32,48,0,0,0,0,17,26,15,23,900,750
祖玛雕像0,normal,495,743,12,18,12,18,20,30,32,48,0,0,0,0,17,26,17,26,900,750
祖玛雕像[变异],normal,900,1350,20,30,20,30,40,60,64,96,0,0,0,0,17,26,17,26,700,583
祖玛卫士,normal,495,743,15,23,15,23,22,33,34,51,0,0,0,0,17,26,15,23,700,583
祖玛卫士0,normal,495,743,15,23,15,23,22,33,34,51,0,0,0,0,17,26,17,26,700,583
祖玛卫士[变异],normal,1000,1500,25,38,25,38,44,66,68,102,0,0,0,0,17,26,17,26,500,417
祖玛卫士[头目],normal,1400,2100,15,23,20,30,35,53,60,90,0,0,0,0,25,38,18,27,700,583
祖玛教主9,normal,3000,4500,20,30,20,30,40,60,65,98,0,0,0,0,200,300,200,300,100,83
祖玛教主,boss,3000,6000,20,40,20,40,40,80,65,130,0,0,0,0,32,64,30,60,300,250
弓箭手,normal,2000,3000,20,30,20,30,15,23,30,45,0,0,0,0,18,27,15,23,500,417
护卫,normal,1000,1500,15,23,15,23,17,26,32,48,0,0,0,0,18,27,15,23,500,417
MainDoor,normal,10000,15000,20,30,20,30,0,0,0,0,0,0,0,0,15,23,1,2,1000,833
LeftWall,normal,5000,7500,20,30,99,149,0,0,0,0,0,0,0,0,15,23,1,2,1000,833
CenterWall,normal,5000,7500,20,30,99,149,0,0,0,0,0,0,0,0,15,23,1,2,1000,833
RightWall,normal,5000,7500,20,30,99,149,0,0,0,0,0,0,0,0,15,23,1,2,1000,833
弓箭守卫,normal,2000,3000,15,23,15,23,30,45,45,68,0,0,0,0,18,27,15,23,500,417
神兽,normal,500,750,25,38,20,30,20,30,30,45,0,0,0,0,20,30,25,38,0,0
神兽1,normal,500,750,35,53,35,53,30,45,45,68,0,0,0,0,45,68,45,68,0,0
雕,normal,500,750,3,5,6,9,18,27,36,54,0,0,0,0,40,60,15,23,1200,1000
夕,normal,2500,3750,30,45,35,53,50,75,60,90,0,0,0,0,45,68,35,53,1500,1250
夕0,normal,2500,3750,30,45,35,53,50,75,60,90,0,0,0,0,45,68,35,53,1500,1250
足球,normal,2500,3750,200,300,200,300,0,0,0,0,0,0,0,0,25,38,35,53,2500,2083
双头血魔,boss,5000,10000,40,80,10,20,80,160,150,300,0,0,0,0,20,40,30,60,1000,833
双头血魔9,normal,5000,7500,40,60,10,15,80,120,150,225,0,0,0,0,20,30,30,45,1000,833
双头金刚,normal,5000,7500,5,8,50,75,100,150,100,150,0,0,0,0,25,38,30,45,1000,833
双头金刚9,normal,5000,7500,5,8,50,75,100,150,100,150,0,0,0,0,25,38,30,45,1000,833
血巨人,normal,1200,1800,15,23,30,45,35,53,70,105,0,0,0,0,20,30,17,26,800,667
血巨人0,normal,1200,1800,15,23,30,45,35,53,70,105,0,0,0,0,20,30,17,26,800,667
邪恶巨人,normal,2000,3000,14,21,16,24,29,44,52,78,0,0,0,0,14,21,16,24,500,417
邪恶巨人0,normal,2000,3000,14,21,16,24,29,44,52,78,0,0,0,0,14,21,16,24,500,417
月魔蜘蛛,normal,850,1275,12,18,28,42,27,41,27,41,0,0,0,0,20,30,50,75,400,333
月魔蜘蛛0,normal,850,1275,12,18,28,42,27,41,27,41,0,0,0,0,20,30,50,75,400,333
黑锷蜘蛛,normal,1200,1800,11,17,30,45,15,23,75,113,0,0,0,0,17,26,17,26,500,417
黑锷蜘蛛0,normal,1200,1800,11,17,30,45,15,23,75,113,0,0,0,0,17,26,17,26,500,417
蜘蛛雷0,normal,3000,4500,8,12,15,23,20,30,60,90,0,0,0,0,15,23,15,23,1000,833
蜘蛛雷,normal,3000,4500,8,12,15,23,20,30,60,90,0,0,0,0,15,23,15,23,1000,833
钢牙蜘蛛,normal,800,1200,13,20,33,50,35,53,50,75,0,0,0,0,17,26,20,30,1000,833
钢牙蜘蛛0,normal,800,1200,13,20,33,50,35,53,50,75,0,0,0,0,17,26,20,30,1000,833
天狼蜘蛛,normal,500,750,8,12,20,30,22,33,34,51,0,0,0,0,17,26,15,23,700,583
天狼蜘蛛0,normal,500,750,8,12,20,30,22,33,34,51,0,0,0,0,17,26,15,23,700,583
花吻蜘蛛,normal,750,1125,12,18,27,41,20,30,60,90,0,0,0,0,25,38,17,26,1000,833
花吻蜘蛛0,normal,750,1125,12,18,27,41,20,30,60,90,0,0,0,0,25,38,17,26,1000,833
赤月恶魔,boss,5000,10000,18,36,30,60,50,100,85,170,0,0,0,0,25,50,25,50,0,0
赤月恶魔9,normal,5000,7500,18,27,30,45,50,75,85,128,0,0,0,0,25,38,25,38,0,0
爆裂蜘蛛,normal,10,15,0,0,0,0,30,45,30,45,0,0,0,0,30,45,30,45,500,417
爆裂蜘蛛0,normal,10,15,0,0,0,0,30,45,30,45,0,0,0,0,30,45,30,45,500,417
带刀护卫1,normal,9999,14999,0,0,300,450,200,300,200,300,200,300,200,300,0,0,200,300,500,417
飞火流星,normal,9999,14999,200,300,200,300,0,0,0,0,0,0,0,0,10,15,10,15,400,333
多钩猫王,boss,1200,2400,15,30,25,50,20,40,130,260,0,0,0,0,20,40,45,90,1500,1250
钉耙猫王,boss,1200,2400,15,30,25,50,20,40,130,260,0,0,0,0,20,40,45,90,1500,1250
雪人王,boss,1300,2600,20,40,20,40,80,160,80,160,0,0,0,0,15,30,45,90,2500,2083
剧毒蜘蛛,normal,1200,1800,5,8,10,15,20,30,30,45,0,0,0,0,15,23,45,68,2300,1917
地狱犬,normal,1400,2100,10,15,20,30,50,75,80,120,0,0,0,0,20,30,50,75,1800,1500
神鹰,normal,2000,3000,17,26,17,26,50,75,80,120,0,0,0,0,20,30,50,75,1800,1500
红蛇王,normal,1500,2250,15,23,15,23,60,90,60,90,0,0,0,0,35,53,35,53,1600,1333
虎蛇王,normal,1500,2250,15,23,15,23,60,90,60,90,0,0,0,0,35,53,35,53,1600,1333
变异史莱姆,normal,1500,2250,10,15,15,23,30,45,60,90,0,0,0,0,25,38,35,53,2200,1833
蜈蚣王,normal,1300,1950,15,23,25,38,40,60,80,120,0,0,0,0,30,45,60,90,2000,1667
蝎子王,normal,800,1200,45,68,10,15,25,38,50,75,0,0,0,0,12,18,30,45,2100,1750
雪蚕王,normal,1800,2700,15,23,15,23,40,60,40,60,0,0,0,0,18,27,38,57,2300,1917
蛤蟆王,normal,2300,3450,20,30,25,38,50,75,120,180,0,0,0,0,40,60,70,105,1900,1583
电僵王,normal,3000,4500,10,15,15,23,20,30,140,210,0,0,0,0,50,75,50,75,1300,1083
楔蛾王,normal,3000,4500,10,15,20,30,30,45,80,120,0,0,0,0,50,75,50,75,1300,1083
暗之触龙神,normal,2200,3300,40,60,40,60,25,38,140,210,0,0,0,0,15,23,15,23,1000,833
半兽勇士9,normal,300,450,0,0,0,0,15,23,32,48,0,0,0,0,15,23,13,20,1500,1250
邪恶钳虫2,normal,1000,1500,20,30,10,15,22,33,45,68,0,0,0,0,15,23,17,26,700,583
红野猪3,normal,500,750,4,6,12,18,22,33,29,44,0,0,0,0,15,23,15,23,1200,1000
黑野猪3,normal,500,750,14,21,4,6,24,36,30,45,0,0,0,0,15,23,15,23,800,667
蝎蛇3,normal,500,750,9,14,7,11,26,39,32,48,0,0,0,0,15,23,15,23,600,500
幻影蜘蛛,normal,300,450,10,15,23,35,0,0,0,0,0,0,0,0,1,2,1,2,0,0
幻影蜘蛛1,normal,2200,3300,10,15,23,35,0,0,0,0,0,0,0,0,1,2,1,2,0,0
血金刚,normal,900,1350,12,18,16,24,29,44,49,74,0,0,0,0,22,33,18,27,700,583
带刀护卫,normal,9999,14999,0,0,300,450,150,225,150,225,200,300,200,300,0,0,200,300,500,417
赤血恶魔,normal,900,1350,12,18,16,24,29,44,49,74,0,0,0,0,22,33,18,27,700,583
灰血恶魔,normal,900,1350,12,18,16,24,29,44,49,74,0,0,0,0,22,33,18,27,700,583
赤月恶魔1,normal,500,750,10,15,10,15,20,30,60,90,0,0,0,0,25,38,25,38,0,0
暴牙蜘蛛,normal,500,750,12,18,30,45,22,33,34,51,0,0,0,0,17,26,17,26,700,583
暴牙蜘蛛0,normal,500,750,12,18,30,45,22,33,34,51,0,0,0,0,17,26,17,26,700,583
血僵尸,normal,1200,1800,18,27,30,45,35,53,50,75,0,0,0,0,10,15,25,38,600,500
血僵尸0,normal,1200,1800,18,27,30,45,35,53,50,75,0,0,0,0,10,15,25,38,600,500
半兽统领,normal,700,1050,12,18,25,38,24,36,36,54,0,0,0,0,15,23,17,26,600,500
半兽统领9,normal,700,1050,12,18,25,38,24,36,36,54,0,0,0,0,15,23,17,26,600,500
刀卫,normal,800,1200,15,23,18,27,24,36,36,54,0,0,0,0,15,23,17,26,900,750
鹰卫,normal,1500,2250,15,23,18,27,30,45,50,75,0,0,0,0,20,30,15,23,500,417
虎卫,normal,400,600,15,23,10,15,25,38,35,53,0,0,0,0,18,27,15,23,500,417
人质,normal,60,90,10,15,10,15,0,0,0,0,0,0,0,0,22,33,15,23,1000,833
神兽0,normal,2400,3600,8,12,6,9,6,9,41,62,0,0,0,0,15,23,15,23,1500,1250
石墓尸王,boss,5000,10000,20,40,18,36,80,160,150,300,0,0,0,0,20,40,30,60,1000,833
蜜蜂,normal,200,300,3,5,3,5,12,18,18,27,0,0,0,0,15,23,13,20,1500,1250
变异骷髅0,normal,700,1050,12,18,24,36,25,38,36,54,0,0,0,0,15,23,17,26,600,500
神兽2,normal,495,743,15,23,15,23,22,33,34,51,0,0,0,0,17,26,15,23,700,583
白野猪300,normal,1000,1500,15,23,15,23,30,45,55,83,0,0,0,0,25,38,17,26,800,667
雪球,normal,9999,14999,200,300,200,300,0,0,0,0,0,0,0,0,10,15,10,15,400,333
雪球1,normal,10,15,0,0,0,0,0,0,0,0,0,0,0,0,15,23,15,23,500,417
圣诞驯鹿,normal,9999,14999,200,300,200,300,0,0,0,0,0,0,0,0,10,15,10,15,400,333
雪球2,normal,385,578,3,5,5,8,12,18,23,35,0,0,0,0,15,23,12,18,1200,1000
雪球3,normal,1000,1500,15,23,15,23,30,45,55,83,0,0,0,0,25,38,17,26,800,667
雪球4,normal,5000,7500,18,27,30,45,50,75,85,128,0,0,0,0,25,38,25,38,800,667
虹魔猪卫,boss,1500,3000,20,40,20,40,40,80,60,120,0,0,0,0,25,50,17,34,800,667
虹魔猪卫0,normal,1500,2250,20,30,20,30,40,60,60,90,0,0,0,0,25,38,17,26,800,667
虹魔蝎卫,boss,2000,4000,25,50,25,50,45,90,65,130,0,0,0,0,25,50,17,34,800,667
虹魔蝎卫0,normal,2000,3000,25,38,25,38,45,68,65,98,0,0,0,0,25,38,17,26,800,667
虹魔教主,boss,5000,10000,25,50,30,60,60,120,100,200,0,0,0,0,20,40,30,60,1000,833
虹魔教主0,normal,5000,7500,25,38,30,45,60,90,80,120,0,0,0,0,20,30,30,45,1000,833
恶魔弓箭手,normal,2000,3000,15,23,15,23,20,30,35,53,0,0,0,0,18,27,15,23,500,417
恶魔卫士,normal,9999,14999,0,0,300,450,10,15,10,15,10,15,10,15,0,0,200,300,500,417
千年树妖,boss,1800,3600,10,20,10,20,20,40,60,120,0,0,0,0,25,50,25,50,0,0
虹魔猪卫9,normal,1500,2250,20,30,20,30,40,60,60,90,0,0,0,0,25,38,17,26,800,667
恶灵僵尸,normal,180,270,1,2,3,5,10,15,20,30,0,0,0,0,15,23,15,23,2000,1667
恶灵僵尸0,normal,180,270,1,2,3,5,10,15,20,30,0,0,0,0,15,23,15,23,2000,1667
恶灵尸王,normal,500,750,4,6,8,12,17,26,45,68,0,0,0,0,18,27,15,23,1500,1250
恶灵尸王0,normal,500,750,4,6,8,12,17,26,45,68,0,0,0,0,18,27,15,23,1500,1250
骷髅锤兵,normal,390,585,6,9,9,14,24,36,35,53,0,0,0,0,15,23,13,20,700,583
骷髅锤兵0,normal,390,585,6,9,9,14,24,36,35,53,0,0,0,0,15,23,13,20,700,583
骷髅长枪兵,normal,390,585,0,0,12,18,20,30,30,45,0,0,0,0,15,23,13,20,1300,1083
骷髅长枪兵0,normal,390,585,0,0,12,18,20,30,30,45,0,0,0,0,15,23,13,20,1300,1083
骷髅刀斧手,normal,440,660,9,14,0,0,24,36,31,47,0,0,0,0,15,23,13,20,1300,1083
骷髅刀斧手0,normal,440,660,9,14,0,0,24,36,31,47,0,0,0,0,15,23,13,20,1300,1083
骷髅弓箭手,normal,190,285,0,0,0,0,12,18,28,42,0,0,0,0,20,30,20,30,1000,833
骷髅弓箭手0,normal,190,285,0,0,0,0,12,18,28,42,0,0,0,0,20,30,20,30,1000,833
黄泉教主,boss,3000,6000,18,36,22,44,35,70,70,140,0,0,0,0,25,50,17,34,800,667
牛头魔,normal,330,495,0,0,8,12,15,23,25,38,0,0,0,0,15,23,13,20,1400,1167
牛头魔0,normal,330,495,0,0,8,12,15,23,25,38,0,0,0,0,15,23,13,20,1400,1167
牛魔战士,normal,420,630,2,3,8,12,15,23,30,45,0,0,0,0,18,27,14,21,1300,1083
牛魔战士0,normal,420,630,2,3,8,12,15,23,30,45,0,0,0,0,18,27,14,21,1300,1083
牛魔斗士,normal,460,690,7,11,10,15,20,30,38,57,0,0,0,0,18,27,15,23,1300,1083
牛魔斗士0,normal,460,690,7,11,10,15,20,30,38,57,0,0,0,0,18,27,15,23,1300,1083
牛魔侍卫,normal,500,750,10,15,18,27,26,39,44,66,0,0,0,0,17,26,15,23,1000,833
牛魔侍卫0,normal,500,750,10,15,18,27,26,39,48,72,0,0,0,0,17,26,15,23,1000,833
牛魔将军,normal,750,1125,12,18,21,32,32,48,50,75,0,0,0,0,22,33,17,26,800,667
牛魔将军0,normal,750,1125,12,18,21,32,32,48,60,90,0,0,0,0,22,33,17,26,800,667
牛魔法师,normal,360,540,12,18,15,23,14,21,28,42,0,0,0,0,18,27,18,27,1200,1000
牛魔法师0,normal,360,540,12,18,15,23,14,21,35,53,0,0,0,0,18,27,18,27,1200,1000
牛魔祭司,normal,750,1125,16,24,16,24,25,38,42,63,0,0,0,0,22,33,17,26,1200,1000
牛魔祭司0,normal,750,1125,16,24,16,24,25,38,45,68,0,0,0,0,22,33,17,26,1000,833
牛魔王,boss,3600,7200,20,40,28,56,45,90,80,160,0,0,0,0,32,64,30,60,600,500
暗之牛魔王,normal,1000,1500,20,30,200,300,100,150,120,180,0,0,0,0,32,48,30,45,1000,833
黄泉教主0,boss,3000,6000,50,100,25,50,80,160,120,240,0,0,0,0,25,50,17,34,1000,833
宝箱,normal,300,450,0,0,10,15,0,0,0,0,0,0,0,0,0,0,0,0,1000,833
宝箱1,normal,300,450,0,0,10,15,0,0,0,0,0,0,0,0,0,0,0,0,1000,833
宝箱2,normal,300,450,0,0,10,15,0,0,0,0,0,0,0,0,0,0,0,0,1000,833
宝箱3,normal,300,450,0,0,10,15,0,0,0,0,0,0,0,0,0,0,0,0,1000,833
宝箱4,normal,300,450,0,0,10,15,0,0,0,0,0,0,0,0,0,0,0,0,1000,833
宝箱5,normal,300,450,0,0,10,15,0,0,0,0,0,0,0,0,0,0,0,0,1000,833
宝箱6,normal,300,450,0,0,10,15,0,0,0,0,0,0,0,0,0,0,0,0,1000,833
宝箱7,normal,300,450,0,0,10,15,0,0,0,0,0,0,0,0,0,0,0,0,1000,833
宝箱8,normal,300,450,0,0,10,15,0,0,0,0,0,0,0,0,0,0,0,0,1000,833
暗之双头血魔,boss,3000,6000,40,80,25,50,50,100,150,300,0,0,0,0,20,40,25,50,1500,1250
暗之双头金刚,boss,3000,6000,30,60,40,80,60,120,140,280,0,0,0,0,20,40,25,50,1500,1250
暗之黄泉教主,boss,3000,6000,20,40,50,100,100,200,100,200,0,0,0,0,20,40,25,50,1500,1250
暗之骷髅精灵,boss,3000,6000,35,70,20,40,40,80,140,280,0,0,0,0,20,40,25,50,1500,1250
暗之沃玛教主,boss,3000,6000,25,50,35,70,50,100,130,260,0,0,0,0,20,40,25,50,1500,1250
暗之虹魔教主,boss,3000,6000,15,30,45,90,90,180,90,180,0,0,0,0,20,40,25,50,1500,1250
飞火流星1,normal,3000,4500,25,38,40,60,0,0,50,75,0,0,0,0,20,30,20,30,600,500
飞火流星2,normal,3000,4500,25,38,40,60,0,0,50,75,0,0,0,0,20,30,20,30,600,500
宝扇使者1,normal,6666,9999,30,45,30,45,100,150,150,225,50,75,50,75,25,38,25,38,800,667
宝扇使者2,normal,6666,9999,30,45,30,45,100,150,150,225,50,75,50,75,25,38,25,38,800,667
宝扇使者3,normal,6666,9999,30,45,30,45,100,150,150,225,50,75,50,75,25,38,25,38,800,667
宝扇使者4,normal,6666,9999,30,45,30,45,100,150,150,225,50,75,50,75,25,38,25,38,800,667
宝扇使者5,normal,6666,9999,30,45,30,45,100,150,150,225,50,75,50,75,25,38,25,38,800,667
宝扇使者6,normal,6666,9999,30,45,30,45,100,150,150,225,50,75,50,75,25,38,25,38,800,667
宝扇使者7,normal,6666,9999,30,45,30,45,100,150,150,225,50,75,50,75,25,38,25,38,800,667
圣域蝙蝠,normal,500,750,10,15,10,15,20,30,20,30,0,0,0,0,15,23,20,30,1500,1250
圣域勇士,normal,750,1125,10,15,10,15,0,0,50,75,0,0,0,0,15,23,20,30,2000,1667
圣域魔蝎,normal,500,750,10,15,50,75,0,0,50,75,0,0,0,0,15,23,20,30,1500,1250
圣域精灵,normal,1000,1500,10,15,20,30,30,45,30,45,0,0,0,0,15,23,20,30,1500,1250
圣域稻草人,normal,750,1125,10,15,20,30,0,0,50,75,0,0,0,0,15,23,15,23,1500,1250
圣域护法,normal,2000,3000,15,23,15,23,30,45,50,75,0,0,0,0,15,23,15,23,1200,1000
圣域蛇王,normal,2500,3750,10,15,20,30,20,30,50,75,0,0,0,0,15,23,15,23,1200,1000
圣域炎兽,normal,3000,4500,25,38,25,38,20,30,50,75,0,0,0,0,15,23,20,30,1200,1000
圣域尸王,normal,900,1350,10,15,15,23,15,23,30,45,0,0,0,0,15,23,20,30,1500,1250
圣域神鹰,normal,900,1350,5,8,30,45,15,23,30,45,0,0,0,0,15,23,20,30,1500,1250
圣域冥狼,normal,900,1350,15,23,30,45,20,30,45,68,0,0,0,0,15,23,20,30,1500,1250
圣域卫士,normal,1500,2250,20,30,20,30,10,15,50,75,0,0,0,0,15,23,20,30,1500,1250
圣域弓箭手,normal,900,1350,5,8,20,30,0,0,35,53,0,0,0,0,15,23,15,23,1500,1250
圣域牛魔,normal,750,1125,15,23,15,23,0,0,30,45,0,0,0,0,15,23,15,23,1500,1250
圣域侍卫,normal,900,1350,15,23,15,23,0,0,35,53,0,0,0,0,15,23,15,23,1500,1250
圣域骷髅,normal,900,1350,10,15,25,38,20,30,30,45,0,0,0,0,15,23,15,23,1500,1250
圣域楔蛾,normal,1500,2250,10,15,30,45,30,45,30,45,0,0,0,0,15,23,15,23,1500,1250
圣域刀斧手,normal,1000,1500,15,23,15,23,15,23,30,45,0,0,0,0,15,23,15,23,1500,1250
圣域将军,normal,1500,2250,20,30,25,38,10,15,50,75,0,0,0,0,15,23,20,30,1200,1000
圣域祭司,normal,1500,2250,5,8,30,45,10,15,50,75,0,0,0,0,15,23,20,30,1200,1000
圣域杀手,normal,2000,3000,10,15,20,30,30,45,50,75,0,0,0,0,15,23,20,30,1500,1250
圣域力士,normal,2000,3000,10,15,20,30,0,0,60,90,0,0,0,0,15,23,15,23,1500,1250
圣域钳虫,normal,1500,2250,15,23,20,30,0,0,40,60,0,0,0,0,15,23,15,23,1500,1250
圣域雕像,normal,1500,2250,15,23,20,30,0,0,40,60,0,0,0,0,15,23,15,23,1500,1250
圣域巨虫,normal,900,1350,0,0,30,45,0,0,35,53,0,0,0,0,15,23,15,23,1500,1250
圣域天狼,normal,1500,2250,10,15,20,30,0,0,40,60,0,0,0,0,15,23,20,30,1500,1250
圣域月魔,normal,2000,3000,10,15,20,30,0,0,40,60,0,0,0,0,15,23,20,30,1500,1250
圣域花吻,normal,1500,2250,10,15,20,30,0,0,40,60,0,0,0,0,15,23,15,23,1500,1250
圣域多钩猫,normal,500,750,5,8,15,23,0,0,30,45,0,0,0,0,15,23,15,23,1500,1250
圣域蝎卫,normal,2000,3000,15,23,20,30,10,15,40,60,0,0,0,0,15,23,20,30,1500,1250
圣域猪卫,normal,2000,3000,15,23,20,30,10,15,40,60,0,0,0,0,15,23,20,30,1500,1250
圣域神龙,normal,2500,3750,15,23,25,38,10,15,40,60,0,0,0,0,15,23,20,30,1500,1250
圣域教主,boss,5000,10000,10,20,25,50,60,120,60,120,0,0,0,0,15,30,20,40,1200,1000
圣域修罗,normal,3500,5250,5,8,30,45,60,90,60,90,0,0,0,0,15,23,20,30,1200,1000
圣域魔魂,normal,4000,6000,25,38,30,45,60,90,60,90,0,0,0,0,15,23,20,30,1200,1000
圣域血魔,normal,3500,5250,10,15,40,60,60,90,60,90,0,0,0,0,15,23,20,30,1200,1000
圣域金刚,normal,4000,6000,10,15,40,60,60,90,60,90,0,0,0,0,15,23,20,30,1200,1000
圣域牛魔王,boss,4000,8000,20,40,20,40,60,120,60,120,0,0,0,0,15,30,20,40,1200,1000
半兽战士8,normal,100,150,3,5,1,2,6,9,12,18,0,0,0,0,15,23,12,18,1500,1250
半兽勇士8,normal,300,450,0,0,0,0,15,23,32,48,0,0,0,0,15,23,13,20,1500,1250
多钩猫王8,normal,1200,1800,15,23,25,38,20,30,130,195,0,0,0,0,20,30,45,68,1500,1250
恶灵僵尸8,normal,180,270,1,2,3,5,10,15,20,30,0,0,0,0,15,23,15,23,2000,1667
恶灵尸王8,normal,500,750,4,6,8,12,17,26,45,68,0,0,0,0,18,27,15,23,1500,1250
尸王8,normal,500,750,3,5,3,5,18,27,36,54,0,0,0,0,15,23,15,23,1500,1250
骷髅精灵8,normal,500,750,5,8,4,6,7,11,24,36,0,0,0,0,15,23,14,21,1200,1000
沃玛战士8,normal,265,398,3,5,2,3,14,21,28,42,0,0,0,0,15,23,13,20,1000,833
沃玛勇士8,normal,285,428,3,5,2,3,16,24,28,42,0,0,0,0,15,23,13,20,1000,833
火焰沃玛8,normal,340,510,0,0,0,0,14,21,26,39,0,0,0,0,20,30,20,30,800,667
沃玛战将8,normal,285,428,3,5,2,3,15,23,29,44,0,0,0,0,15,23,13,20,1000,833
沃玛卫士8,normal,1000,1500,8,12,8,12,22,33,42,63,0,0,0,0,20,30,17,26,800,667
黑色恶蛆8,normal,230,345,5,8,0,0,10,15,15,23,0,0,0,0,15,23,13,20,500,417
蜈蚣8,normal,230,345,0,0,5,8,12,18,18,27,0,0,0,0,15,23,13,20,1500,1250
钳虫8,normal,270,405,5,8,7,11,15,23,25,38,0,0,0,0,15,23,13,20,1500,1250
跳跳蜂8,normal,200,300,3,5,3,5,12,18,18,27,0,0,0,0,15,23,13,20,1500,1250
巨型蠕虫8,normal,200,300,3,5,3,5,15,23,18,27,0,0,0,0,15,23,13,20,1200,1000
邪恶钳虫8,normal,1000,1500,20,30,10,15,22,33,45,68,0,0,0,0,15,23,17,26,700,583
触龙神8,boss,1000,2000,0,0,200,400,15,30,30,60,0,0,0,0,15,30,15,30,1000,833
变异史莱姆8,normal,1500,2250,10,15,15,23,30,45,60,90,0,0,0,0,25,38,35,53,2200,1833
红野猪8,normal,330,495,0,0,8,12,18,27,25,38,0,0,0,0,15,23,13,20,1200,1000
黑野猪8,normal,310,465,10,15,0,0,20,30,26,39,0,0,0,0,15,23,13,20,800,667
楔蛾8,normal,220,330,0,0,5,8,13,20,18,27,0,0,0,0,15,23,12,18,600,500
角蝇8,normal,200,300,0,0,6,9,0,0,0,0,0,0,0,0,1,2,1,2,1200,1000
白野猪8,normal,1000,1500,15,23,25,38,10,15,100,150,0,0,0,0,25,38,17,26,800,667
白野猪80,normal,1000,1500,15,23,15,23,30,45,55,83,0,0,0,0,25,38,17,26,800,667
蝎蛇8,normal,330,495,5,8,3,5,22,33,28,42,0,0,0,0,15,23,13,20,600,500
邪恶毒蛇8,normal,1100,1650,20,30,20,30,30,45,55,83,0,0,0,0,25,38,17,26,800,667
石墓尸王8,boss,5000,10000,20,40,18,36,80,160,150,300,0,0,0,0,20,40,30,60,1000,833
祖玛卫士8,normal,495,743,15,23,15,23,22,33,34,51,0,0,0,0,17,26,15,23,700,583
祖玛卫士83,normal,1000,1500,25,38,25,38,44,66,68,102,0,0,0,0,17,26,17,26,500,417
祖玛卫士80,normal,1400,2100,15,23,20,30,35,53,60,90,0,0,0,0,25,38,18,27,700,583
祖玛弓箭手8,normal,385,578,10,15,10,15,12,18,18,27,0,0,0,0,15,23,15,23,1000,833
祖玛弓箭手83,normal,800,1200,15,23,15,23,24,36,36,54,0,0,0,0,15,23,17,26,900,750
祖玛雕像8,normal,495,743,12,18,12,18,20,30,32,48,0,0,0,0,17,26,15,23,900,750
祖玛雕像83,normal,900,1350,20,30,20,30,40,60,64,96,0,0,0,0,17,26,17,26,700,583
虹魔猪卫8,normal,1500,2250,20,30,20,30,40,60,60,90,0,0,0,0,25,38,17,26,800,667
虹魔蝎卫8,normal,2000,3000,25,38,25,38,45,68,65,98,0,0,0,0,25,38,17,26,800,667
虹魔教主8,boss,5000,10000,25,50,30,60,70,140,120,240,0,0,0,0,20,40,30,60,1000,833
骷髅锤兵8,normal,390,585,6,9,9,14,24,36,35,53,0,0,0,0,15,23,13,20,700,583
骷髅长枪兵8,normal,390,585,0,0,12,18,20,30,30,45,0,0,0,0,15,23,13,20,1300,1083
骷髅刀斧手8,normal,440,660,9,14,0,0,24,36,31,47,0,0,0,0,15,23,13,20,1300,1083
骷髅弓箭手8,normal,190,285,0,0,0,0,12,18,28,42,0,0,0,0,20,30,20,30,1000,833
黄泉教主8,boss,3000,6000,18,36,22,44,35,70,70,140,0,0,0,0,25,50,17,34,800,667
牛魔侍卫8,normal,500,750,10,15,18,27,26,39,44,66,0,0,0,0,17,26,15,23,1000,833
牛魔法师8,normal,360,540,12,18,15,23,14,21,28,42,0,0,0,0,18,27,18,27,1200,1000
牛魔将军8,normal,750,1125,12,18,21,32,32,48,50,75,0,0,0,0,22,33,17,26,800,667
牛魔祭司8,normal,750,1125,16,24,16,24,25,38,42,63,0,0,0,0,22,33,17,26,1200,1000
牛魔王8,boss,3600,7200,20,40,28,56,45,90,80,160,0,0,0,0,32,64,30,60,600,500
暗之牛魔王8,boss,1000,2000,20,40,200,400,100,200,120,240,0,0,0,0,32,64,30,60,1000,833
暗之触龙神8,boss,2200,4400,40,80,40,80,25,50,140,280,0,0,0,0,15,30,15,30,1000,833
双头金刚8,normal,5000,7500,5,8,50,75,100,150,100,150,0,0,0,0,25,38,30,45,1000,833
双头血魔8,boss,5000,10000,40,80,10,20,80,160,150,300,0,0,0,0,20,40,30,60,1000,833
血巨人8,normal,1200,1800,15,23,30,45,35,53,70,105,0,0,0,0,20,30,17,26,800,667
赤月恶魔8,boss,5000,10000,18,36,30,60,50,100,85,170,0,0,0,0,25,50,25,50,0,0
花吻蜘蛛8,normal,750,1125,12,18,27,41,20,30,60,90,0,0,0,0,25,38,17,26,1000,833
天狼蜘蛛8,normal,500,750,8,12,20,30,22,33,34,51,0,0,0,0,17,26,15,23,700,583
钢牙蜘蛛8,normal,800,1200,13,20,33,50,35,53,50,75,0,0,0,0,17,26,20,30,1000,833
黑锷蜘蛛8,normal,1200,1800,11,17,30,45,15,23,75,113,0,0,0,0,17,26,17,26,500,417
月魔蜘蛛8,normal,850,1275,12,18,28,42,27,41,27,41,0,0,0,0,20,30,50,75,400,333
电僵王8,normal,3000,4500,10,15,15,23,20,30,140,210,0,0,0,0,50,75,50,75,1300,1083
重装使者,boss,5000,10000,10,20,25,50,60,120,60,120,0,0,0,0,15,30,20,40,1200,1000
血僵尸8,normal,1200,1800,18,27,30,45,35,53,50,75,0,0,0,0,10,15,25,38,600,500
邪恶巨人8,normal,2000,3000,14,21,16,24,29,44,52,78,0,0,0,0,14,21,16,24,500,417
双头金刚80,normal,5000,7500,5,8,50,75,100,150,100,150,0,0,0,0,25,38,30,45,1000,833
双头血魔80,normal,5000,7500,40,60,10,15,80,120,150,225,0,0,0,0,20,30,30,45,1000,833
虹魔蝎卫80,normal,2000,3000,25,38,25,38,45,68,65,98,0,0,0,0,25,38,17,26,800,667
虹魔猪卫80,normal,1500,2250,20,30,20,30,40,60,60,90,0,0,0,0,25,38,17,26,800,667
奴隶,normal,2000,3000,0,0,18,27,23,35,45,68,70,105,0,0,25,38,18,27,700,583
米尔皇帝,boss,6000,12000,0,0,30,60,40,80,100,200,130,260,0,0,30,60,25,50,300,250
地藏王,boss,5000,10000,20,40,38,76,75,150,80,160,0,0,0,0,32,64,30,60,600,500
一六男战,normal,163,245,2,3,0,0,2,3,3,5,0,0,0,0,88,132,45,68,450,375
一六女战,normal,163,245,2,3,0,0,2,3,3,5,0,0,0,0,88,132,45,68,450,375
二一男战,normal,241,362,3,5,0,0,3,5,4,6,0,0,0,0,88,132,45,68,450,375
二一女战,normal,241,362,3,5,0,0,3,5,4,6,0,0,0,0,88,132,45,68,450,375
二六男战,normal,334,501,3,5,0,0,4,6,5,8,0,0,0,0,88,132,45,68,450,375
二六女战,normal,334,501,3,5,0,0,4,6,5,8,0,0,0,0,88,132,45,68,450,375
三一男战,normal,442,663,4,6,0,0,5,8,6,9,0,0,0,0,88,132,45,68,450,375
三一女战,normal,442,663,4,6,0,0,5,8,6,9,0,0,0,0,88,132,45,68,450,375
三六男战,normal,565,848,5,8,0,0,6,9,7,11,0,0,0,0,88,132,45,68,450,375
三六女战,normal,565,848,5,8,0,0,6,9,7,11,0,0,0,0,88,132,45,68,450,375
四一男战,normal,703,1055,5,8,0,0,7,11,8,12,0,0,0,0,88,132,45,68,450,375
四一女战,normal,703,1055,5,8,0,0,7,11,8,12,0,0,0,0,88,132,45,68,450,375
四六男战,normal,856,1284,6,9,0,0,8,12,9,14,0,0,0,0,88,132,45,68,450,375
四六女战,normal,856,1284,6,9,0,0,8,12,9,14,0,0,0,0,88,132,45,68,450,375
一六男法,normal,60,90,0,0,0,0,1,2,2,3,2,3,0,0,88,132,45,68,750,625
一六女法,normal,60,90,0,0,0,0,1,2,2,3,2,3,0,0,88,132,45,68,750,625
二一男法,normal,81,122,0,0,0,0,2,3,3,5,3,5,0,0,88,132,45,68,750,625
二一女法,normal,81,122,0,0,0,0,2,3,3,5,3,5,0,0,88,132,45,68,750,625
二六男法,normal,106,159,0,0,0,0,2,3,3,5,3,5,0,0,88,132,45,68,750,625
二六女法,normal,106,159,0,0,0,0,2,3,3,5,3,5,0,0,88,132,45,68,750,625
三一男法,normal,134,201,0,0,0,0,3,5,4,6,4,6,0,0,88,132,45,68,750,625
三一女法,normal,134,201,0,0,0,0,3,5,4,6,4,6,0,0,88,132,45,68,750,625
三六男法,normal,165,248,0,0,0,0,4,6,5,8,5,8,0,0,88,132,45,68,750,625
三六女法,normal,165,248,0,0,0,0,4,6,5,8,5,8,0,0,88,132,45,68,750,625
四一男法,normal,200,300,0,0,0,0,4,6,5,8,5,8,0,0,88,132,45,68,750,625
四一女法,normal,200,300,0,0,0,0,4,6,5,8,5,8,0,0,88,132,45,68,750,625
四六男法,normal,238,357,0,0,0,0,5,8,6,9,6,9,0,0,88,132,45,68,750,625
四六女法,normal,238,357,0,0,0,0,5,8,6,9,6,9,0,0,88,132,45,68,750,625
一六男道,normal,97,146,0,0,4,6,1,2,2,3,0,0,2,3,88,132,45,68,750,625
一六女道,normal,97,146,0,0,4,6,1,2,2,3,0,0,2,3,88,132,45,68,750,625
二一男道,normal,140,210,0,0,5,8,2,3,3,5,0,0,3,5,88,132,45,68,750,625
二一女道,normal,140,210,0,0,5,8,2,3,3,5,0,0,3,5,88,132,45,68,750,625
二六男道,normal,192,288,0,0,5,8,2,3,3,5,0,0,3,5,88,132,45,68,750,625
二六女道,normal,192,288,0,0,5,8,2,3,3,5,0,0,3,5,88,132,45,68,750,625
三一男道,normal,252,378,0,0,6,9,3,5,4,6,0,0,4,6,88,132,45,68,750,625
三一女道,normal,252,378,0,0,6,9,3,5,4,6,0,0,4,6,88,132,45,68,750,625
三六男道,normal,320,480,0,0,7,11,4,6,5,8,0,0,5,8,88,132,45,68,750,625
三六女道,normal,320,480,0,0,7,11,4,6,5,8,0,0,5,8,88,132,45,68,750,625
四一男道,normal,397,596,0,0,8,12,4,6,5,8,0,0,5,8,88,132,45,68,750,625
四一女道,normal,397,596,0,0,8,12,4,6,5,8,0,0,5,8,88,132,45,68,750,625
四六男道,normal,482,723,0,0,9,14,5,8,6,9,0,0,6,9,88,132,45,68,750,625
四六女道,normal,482,723,0,0,9,14,5,8,6,9,0,0,6,9,88,132,45,68,750,625
魔龙血蛙,normal,800,1200,30,45,23,35,20,30,32,48,0,0,0,0,15,23,17,26,800,667
魔龙刺蛙,normal,1000,1500,30,45,23,35,20,30,25,38,0,0,0,0,15,23,13,20,500,417
魔龙刺蛙1,normal,1000,1500,23,35,30,45,20,30,25,38,0,0,0,0,15,23,13,20,500,417
魔龙邪眼,normal,800,1200,30,45,23,35,20,30,40,60,0,0,0,0,15,23,17,26,500,417
魔龙邪眼1,normal,800,1200,30,45,23,35,20,30,40,60,0,0,0,0,15,23,17,26,500,417
魔龙刀兵,normal,1200,1800,25,38,25,38,22,33,34,51,0,0,0,0,17,26,20,30,1200,1000
魔龙刀兵1,normal,1500,2250,28,42,28,42,26,39,40,60,0,0,0,0,17,26,20,30,1200,1000
魔龙刀兵2,normal,2000,3000,31,47,31,47,40,60,48,72,0,0,0,0,17,26,20,30,700,583
魔龙破甲兵,normal,1200,1800,18,27,18,27,24,36,40,60,0,0,0,0,17,26,20,30,1200,1000
魔龙破甲兵1,normal,1500,2250,22,33,22,33,28,42,45,68,0,0,0,0,17,26,20,30,1200,1000
魔龙破甲兵2,normal,2000,3000,32,48,32,48,34,51,52,78,0,0,0,0,17,26,20,30,700,583
魔龙射手,normal,1000,1500,15,23,13,20,18,27,27,41,0,0,0,0,15,23,13,20,1000,833
魔龙射手1,normal,1200,1800,26,39,16,24,22,33,33,50,0,0,0,0,15,23,13,20,1000,833
魔龙射手2,normal,2000,3000,22,33,18,27,25,38,39,59,0,0,0,0,15,23,13,20,700,583
魔龙巨蛾,normal,6000,9000,30,45,45,68,35,53,75,113,0,0,0,0,15,23,20,30,1000,833
魔龙力士[魔化],normal,6000,9000,40,60,30,45,40,60,80,120,0,0,0,0,15,23,20,30,1000,833
魔龙力士1,normal,2000,3000,20,30,15,23,20,30,40,60,0,0,0,0,15,23,13,20,1000,833
魔龙战将,normal,6000,9000,35,53,35,53,55,83,90,135,0,0,0,0,15,23,20,30,800,667
魔龙教主,boss,12000,24000,50,100,40,80,120,240,150,300,0,0,0,0,15,30,20,40,500,417
魔龙教主0,normal,12000,18000,50,75,40,60,120,180,150,225,0,0,0,0,15,23,20,30,500,417
魔龙树妖,normal,32000,48000,30,45,30,45,30,45,90,135,0,0,0,0,50,75,50,75,0,0
魔影巨人,normal,32000,48000,50,75,50,75,100,150,150,225,0,0,0,0,25,38,25,38,1000,833
暗之魔龙教主,normal,30000,45000,45,68,35,53,100,150,130,195,0,0,0,0,15,23,17,26,500,417
圣兽,normal,1800,2700,55,83,60,90,55,83,85,128,0,0,0,0,0,0,45,68,500,417
月灵,normal,2500,3750,45,68,55,83,100,150,170,255,220,330,220,330,15,23,45,68,500,417
火蜥蜴,normal,20000,30000,80,120,100,150,80,120,100,150,0,0,0,0,40,60,200,300,800,667
火蜘蛛,normal,15000,22500,60,90,70,105,80,120,100,150,100,150,100,150,20,30,40,60,300,250
火蜥蜴1,normal,15000,22500,80,120,80,120,60,90,100,150,0,0,0,0,40,60,200,300,800,667
火蜘蛛1,normal,10000,15000,50,75,60,90,80,120,100,150,100,150,100,150,20,30,40,60,300,250
火蟒,boss,60000,120000,120,240,180,360,100,200,400,800,500,1000,500,1000,15,30,17,34,300,250
经验白野猪,normal,1000,1500,15,23,15,23,30,45,55,83,0,0,0,0,25,38,17,26,800,667
火龙教主,normal,200000,300000,180,270,300,450,600,900,800,1200,1000,1500,1000,1500,50,75,200,300,0,0
火龙守护兽,normal,18000,27000,120,180,180,270,600,900,800,1200,0,0,0,0,17,26,15,23,900,750
金杖蜘蛛[精英],normal,10000,15000,70,105,50,75,70,105,100,150,100,150,100,150,30,45,50,75,300,250
金杖蜘蛛[狂暴],normal,12000,18000,80,120,60,90,80,120,100,150,100,150,100,150,30,45,50,75,300,250
【狐月山】,normal,0,0,0,0,0,0,0,0,0,0,0,0,0,0,0,0,0,0,0,0
红狐狸,normal,40000,60000,80,120,70,105,130,195,200,300,140,210,140,210,30,45,100,150,700,583
黄狐狸,normal,40000,60000,70,105,80,120,135,203,200,300,145,218,145,218,30,45,100,150,700,583
狐月角虫,normal,50000,75000,120,180,180,270,200,300,200,300,200,300,200,300,30,45,100,150,700,583
狐月虎虫,normal,60000,90000,180,270,120,180,250,375,250,375,200,300,200,300,30,45,100,150,700,583
火尾黑狐王,normal,160000,240000,400,600,250,375,600,900,800,1200,800,1200,800,1200,60,90,100,150,300,250
黑狐,normal,60000,90000,220,330,120,180,250,375,300,450,300,450,300,450,32,48,100,150,500,417
黑狐统领,normal,32000,48000,380,570,180,270,400,600,500,750,500,750,500,750,40,60,100,150,500,417
金爪赤狐王,normal,160000,240000,400,600,400,600,600,900,800,1200,800,1200,800,1200,60,90,100,150,300,250
赤狐,normal,16000,24000,220,330,200,300,250,375,300,450,300,450,300,450,32,48,100,150,500,417
赤狐统领,normal,32000,48000,380,570,250,375,400,600,500,750,500,750,500,750,40,60,100,150,500,417
玉面素狐王,normal,160000,240000,400,600,300,450,600,900,800,1200,800,1200,800,1200,60,90,100,150,300,250
素狐,normal,16000,24000,220,330,200,300,250,375,300,450,300,450,300,450,32,48,100,150,500,417
素狐统领,normal,32000,48000,380,570,250,375,400,600,500,750,500,750,500,750,40,60,100,150,500,417
狐月之眼,normal,100000,150000,400,600,300,450,800,1200,1000,1500,1000,1500,1000,1500,50,75,100,150,800,667
狐月魔眼,normal,100000,150000,300,450,400,600,800,1200,1000,1500,1000,1500,1000,1500,50,75,100,150,800,667
狐月天珠[BOSS],boss,800000,1600000,800,1600,600,1200,1800,3600,2500,5000,2500,5000,2500,5000,60,120,200,400,500,417
红狐狸[伪装],normal,1,2,0,0,0,0,0,0,0,0,0,0,0,0,1,2,3,5,500,417
黄狐狸[容器],normal,1000,1500,15,23,15,23,30,45,55,83,0,0,0,0,25,38,17,26,800,667
狂热火蜥蜴,normal,11000,16500,45,68,55,83,100,150,120,180,90,135,90,135,29,44,50,75,300,250
圣殿卫士,normal,3500,5250,30,45,40,60,60,90,100,150,0,0,0,0,29,44,30,45,500,417
恶魔蜘蛛,normal,4000,6000,30,45,35,53,50,75,80,120,50,75,50,75,29,44,19,29,400,333
巨镰蜘蛛,normal,3000,4500,20,30,35,53,60,90,95,143,0,0,0,0,29,44,22,33,400,333
金杖蜘蛛,normal,4000,6000,30,45,30,45,40,60,80,120,50,75,50,75,30,45,50,75,300,250
绿魔蜘蛛,normal,10000,15000,44,66,55,83,100,150,120,180,90,135,90,135,29,44,20,30,400,333
圣殿侍卫,normal,15000,22500,55,83,36,54,120,180,150,225,120,180,120,180,29,44,30,45,500,417
铁翼巨蛾,normal,10000,15000,45,68,58,87,90,135,135,203,0,0,0,0,29,44,20,30,600,500
黑牙蜘蛛,normal,500,750,13,20,22,33,20,30,55,83,0,0,0,0,27,41,20,30,500,417
雷炎蛛王[BOSS],boss,28000,56000,80,160,85,170,140,280,180,360,150,300,150,300,35,70,40,80,300,250
雷炎神龙[BOSS],normal,32000,48000,80,120,85,128,140,210,180,270,150,225,150,225,35,53,40,60,0,0
雪域冰甲虫,normal,4000,6000,30,45,48,72,75,113,110,165,0,0,0,0,28,42,18,27,700,583
雪域冰狼,normal,4500,6750,50,75,55,83,85,128,125,188,0,0,0,0,28,42,18,27,800,667
雪域毛人,normal,5500,8250,53,80,55,83,80,120,130,195,0,0,0,0,28,42,20,30,1200,1000
雪域野人,normal,6500,9750,55,83,55,83,95,143,140,210,0,0,0,0,28,42,20,30,1200,1000
雪域羊人,normal,6500,9750,57,86,60,90,80,120,120,180,0,0,0,0,28,42,22,33,1000,833
雪域侍卫,normal,8000,12000,58,87,63,95,100,150,140,210,110,165,110,165,32,48,27,41,600,500
雪域五毒魔,normal,8500,12750,52,78,55,83,95,143,145,218,115,173,115,173,30,45,27,41,800,667
雪域灭天魔,normal,8500,12750,52,78,55,83,95,143,145,218,115,173,115,173,30,45,27,41,800,667
雪域寒冰魔,normal,8500,12750,52,78,55,83,95,143,140,210,110,165,110,165,30,45,27,41,800,667
雪域战将,normal,8000,12000,60,90,55,83,110,165,150,225,120,180,120,180,30,45,32,48,600,500
雪域力士,normal,10000,15000,60,90,65,98,100,150,155,233,125,188,125,188,33,50,38,57,600,500
雪域卫士,normal,10000,15000,60,90,60,90,100,150,155,233,125,188,125,188,33,50,38,57,600,500
雪域天将,normal,15000,22500,65,98,70,105,128,192,172,258,142,213,142,213,33,50,38,57,500,417
冰眼巨魔,boss,32000,64000,100,200,100,200,250,500,300,600,270,540,270,540,35,70,40,80,500,417
雪域魔王[BOSS],boss,32000,64000,100,200,100,200,300,600,500,1000,500,1000,500,1000,35,70,40,80,500,417
雪域领主[狂化],boss,30000,60000,60,120,60,120,300,600,500,1000,500,1000,500,1000,15,30,17,34,500,417
冰雪法王,normal,8000,12000,30,45,50,75,50,75,100,150,80,120,100,150,20,30,40,60,300,250
冰雪法王1,normal,5000,7500,20,30,40,60,30,45,60,90,80,120,100,150,20,30,40,60,300,250
