Name,StdMode,Shape,Weight,Anicount,Source,Reserved,Looks,DuraMax,Need,NeedLevel,Price,Stock,Color,OverLap,Job,CustomItem,Note
粗坯·拆门板,65,0,1,0,0,0,0,8000,0,1,10000,5,7,0,0,0,战士爆发分支
精制·拆门板,65,0,1,0,0,0,0,8000,0,1,10000,5,10,0,0,0,战士爆发分支
淬火·拆门板,65,0,1,0,0,0,0,8000,0,1,10000,5,11,0,0,0,战士爆发分支
成名·拆门板,65,0,1,0,0,0,0,8000,0,1,10000,5,13,0,0,0,战士爆发分支
压轴·拆门板,65,0,1,0,0,0,0,8000,0,1,10000,5,215,0,0,0,战士爆发分支
封顶·拆门板,65,0,1,0,0,0,0,8000,0,1,10000,5,249,0,0,0,战士爆发分支
粗坯·铁头娃,65,0,1,0,0,0,0,8000,0,1,10000,5,7,0,0,0,战士肉盾分支
精制·铁头娃,65,0,1,0,0,0,0,8000,0,1,10000,5,10,0,0,0,战士肉盾分支
淬火·铁头娃,65,0,1,0,0,0,0,8000,0,1,10000,5,11,0,0,0,战士肉盾分支
成名·铁头娃,65,0,1,0,0,0,0,8000,0,1,10000,5,13,0,0,0,战士肉盾分支
压轴·铁头娃,65,0,1,0,0,0,0,8000,0,1,10000,5,215,0,0,0,战士肉盾分支
封顶·铁头娃,65,0,1,0,0,0,0,8000,0,1,10000,5,249,0,0,0,战士肉盾分支
粗坯·剁馅机,65,0,1,0,0,0,0,8000,0,1,10000,5,7,0,0,0,战士攻速分支
精制·剁馅机,65,0,1,0,0,0,0,8000,0,1,10000,5,10,0,0,0,战士攻速分支
淬火·剁馅机,65,0,1,0,0,0,0,8000,0,1,10000,5,11,0,0,0,战士攻速分支
成名·剁馅机,65,0,1,0,0,0,0,8000,0,1,10000,5,13,0,0,0,战士攻速分支
压轴·剁馅机,65,0,1,0,0,0,0,8000,0,1,10000,5,215,0,0,0,战士攻速分支
封顶·剁馅机,65,0,1,0,0,0,0,8000,0,1,10000,5,249,0,0,0,战士攻速分支
粗坯·电耗子,65,0,1,0,0,0,0,8000,0,1,10000,5,7,0,0,0,法师雷系分支
精制·电耗子,65,0,1,0,0,0,0,8000,0,1,10000,5,10,0,0,0,法师雷系分支
淬火·电耗子,65,0,1,0,0,0,0,8000,0,1,10000,5,11,0,0,0,法师雷系分支
成名·电耗子,65,0,1,0,0,0,0,8000,0,1,10000,5,13,0,0,0,法师雷系分支
压轴·电耗子,65,0,1,0,0,0,0,8000,0,1,10000,5,215,0,0,0,法师雷系分支
封顶·电耗子,65,0,1,0,0,0,0,8000,0,1,10000,5,249,0,0,0,法师雷系分支
粗坯·火葫芦,65,0,1,0,0,0,0,8000,0,1,10000,5,7,0,0,0,法师火系分支
精制·火葫芦,65,0,1,0,0,0,0,8000,0,1,10000,5,10,0,0,0,法师火系分支
淬火·火葫芦,65,0,1,0,0,0,0,8000,0,1,10000,5,11,0,0,0,法师火系分支
成名·火葫芦,65,0,1,0,0,0,0,8000,0,1,10000,5,13,0,0,0,法师火系分支
压轴·火葫芦,65,0,1,0,0,0,0,8000,0,1,10000,5,215,0,0,0,法师火系分支
封顶·火葫芦,65,0,1,0,0,0,0,8000,0,1,10000,5,249,0,0,0,法师火系分支
粗坯·小冰箱,65,0,1,0,0,0,0,8000,0,1,10000,5,7,0,0,0,法师冰系分支
精制·小冰箱,65,0,1,0,0,0,0,8000,0,1,10000,5,10,0,0,0,法师冰系分支
淬火·小冰箱,65,0,1,0,0,0,0,8000,0,1,10000,5,11,0,0,0,法师冰系分支
成名·小冰箱,65,0,1,0,0,0,0,8000,0,1,10000,5,13,0,0,0,法师冰系分支
压轴·小冰箱,65,0,1,0,0,0,0,8000,0,1,10000,5,215,0,0,0,法师冰系分支
封顶·小冰箱,65,0,1,0,0,0,0,8000,0,1,10000,5,249,0,0,0,法师冰系分支
粗坯·养娃人,65,0,1,0,0,0,0,8000,0,1,10000,5,7,0,0,0,道士召唤分支
精制·养娃人,65,0,1,0,0,0,0,8000,0,1,10000,5,10,0,0,0,道士召唤分支
淬火·养娃人,65,0,1,0,0,0,0,8000,0,1,10000,5,11,0,0,0,道士召唤分支
成名·养娃人,65,0,1,0,0,0,0,8000,0,1,10000,5,13,0,0,0,道士召唤分支
压轴·养娃人,65,0,1,0,0,0,0,8000,0,1,10000,5,215,0,0,0,道士召唤分支
封顶·养娃人,65,0,1,0,0,0,0,8000,0,1,10000,5,249,0,0,0,道士召唤分支
粗坯·奶不死,65,0,1,0,0,0,0,8000,0,1,10000,5,7,0,0,0,道士辅助分支
精制·奶不死,65,0,1,0,0,0,0,8000,0,1,10000,5,10,0,0,0,道士辅助分支
淬火·奶不死,65,0,1,0,0,0,0,8000,0,1,10000,5,11,0,0,0,道士辅助分支
成名·奶不死,65,0,1,0,0,0,0,8000,0,1,10000,5,13,0,0,0,道士辅助分支
压轴·奶不死,65,0,1,0,0,0,0,8000,0,1,10000,5,215,0,0,0,道士辅助分支
封顶·奶不死,65,0,1,0,0,0,0,8000,0,1,10000,5,249,0,0,0,道士辅助分支
粗坯·毒嘴子,65,0,1,0,0,0,0,8000,0,1,10000,5,7,0,0,0,道士伤害分支
精制·毒嘴子,65,0,1,0,0,0,0,8000,0,1,10000,5,10,0,0,0,道士伤害分支
淬火·毒嘴子,65,0,1,0,0,0,0,8000,0,1,10000,5,11,0,0,0,道士伤害分支
成名·毒嘴子,65,0,1,0,0,0,0,8000,0,1,10000,5,13,0,0,0,道士伤害分支
压轴·毒嘴子,65,0,1,0,0,0,0,8000,0,1,10000,5,215,0,0,0,道士伤害分支
封顶·毒嘴子,65,0,1,0,0,0,0,8000,0,1,10000,5,249,0,0,0,道士伤害分支
